<?xml version="1.0" encoding="UTF-8"?>
<export version="E">
  <design>
    <source>C:\Users\agusb\OneDrive\Escritorio\Proyecto Final\PCB\ProyectoFinal\ProyectoFinal.kicad_sch</source>
    <date>26/11/2023 19:50:53</date>
    <tool>Eeschema (6.0.10)</tool>
    <sheet number="1" name="/" tstamps="/">
      <title_block>
        <title/>
        <company/>
        <rev/>
        <date/>
        <source>ProyectoFinal.kicad_sch</source>
        <comment number="1" value=""/>
        <comment number="2" value=""/>
        <comment number="3" value=""/>
        <comment number="4" value=""/>
        <comment number="5" value=""/>
        <comment number="6" value=""/>
        <comment number="7" value=""/>
        <comment number="8" value=""/>
        <comment number="9" value=""/>
      </title_block>
    </sheet>
  </design>
  <components>
    <comp ref="C1">
      <value>100n</value>
      <footprint>Capacitor_THT:C_Disc_D4.3mm_W1.9mm_P5.00mm</footprint>
      <libsource lib="Device" part="C" description="Unpolarized capacitor"/>
      <property name="Sheetname" value=""/>
      <property name="Sheetfile" value="ProyectoFinal.kicad_sch"/>
      <sheetpath names="/" tstamps="/"/>
      <tstamps>67ff61df-641a-4897-b4a3-53b6c0d041c5</tstamps>
    </comp>
    <comp ref="D1">
      <value>LED</value>
      <footprint>LED_THT:LED_D5.0mm</footprint>
      <libsource lib="Device" part="LED" description="Light emitting diode"/>
      <property name="Sheetname" value=""/>
      <property name="Sheetfile" value="ProyectoFinal.kicad_sch"/>
      <sheetpath names="/" tstamps="/"/>
      <tstamps>8bcedb21-d5f5-4c39-852a-efb6f001c0cd</tstamps>
    </comp>
    <comp ref="J1">
      <value>Conector_Alim_PuenteH1</value>
      <footprint>Connector_JST:JST_EH_B2B-EH-A_1x02_P2.50mm_Vertical</footprint>
      <libsource lib="Connector" part="Conn_01x02_Female" description="Generic connector, single row, 01x02, script generated (kicad-library-utils/schlib/autogen/connector/)"/>
      <property name="Sheetname" value=""/>
      <property name="Sheetfile" value="ProyectoFinal.kicad_sch"/>
      <sheetpath names="/" tstamps="/"/>
      <tstamps>f4b1f8e4-50c1-40af-a861-2c080e314aff</tstamps>
    </comp>
    <comp ref="J2">
      <value>Conector_Encoder1</value>
      <footprint>Connector_JST:JST_EH_B4B-EH-A_1x04_P2.50mm_Vertical</footprint>
      <libsource lib="Connector" part="Conn_01x04_Male" description="Generic connector, single row, 01x04, script generated (kicad-library-utils/schlib/autogen/connector/)"/>
      <property name="Sheetname" value=""/>
      <property name="Sheetfile" value="ProyectoFinal.kicad_sch"/>
      <sheetpath names="/" tstamps="/"/>
      <tstamps>32a11004-cd2e-4b48-98ea-ceb234e86de2</tstamps>
    </comp>
    <comp ref="J3">
      <value>Conector_Encoder3</value>
      <footprint>Connector_JST:JST_EH_B4B-EH-A_1x04_P2.50mm_Vertical</footprint>
      <libsource lib="Connector" part="Conn_01x04_Male" description="Generic connector, single row, 01x04, script generated (kicad-library-utils/schlib/autogen/connector/)"/>
      <property name="Sheetname" value=""/>
      <property name="Sheetfile" value="ProyectoFinal.kicad_sch"/>
      <sheetpath names="/" tstamps="/"/>
      <tstamps>0316d229-513d-4109-a255-40d81d9f74a9</tstamps>
    </comp>
    <comp ref="J4">
      <value>Conector_Alim_PuenteH2</value>
      <footprint>Connector_JST:JST_EH_B2B-EH-A_1x02_P2.50mm_Vertical</footprint>
      <libsource lib="Connector" part="Conn_01x02_Female" description="Generic connector, single row, 01x02, script generated (kicad-library-utils/schlib/autogen/connector/)"/>
      <property name="Sheetname" value=""/>
      <property name="Sheetfile" value="ProyectoFinal.kicad_sch"/>
      <sheetpath names="/" tstamps="/"/>
      <tstamps>847406e2-97b3-41e5-a7b4-3e361914a65a</tstamps>
    </comp>
    <comp ref="J5">
      <value>Conector_Encoder2</value>
      <footprint>Connector_JST:JST_EH_B4B-EH-A_1x04_P2.50mm_Vertical</footprint>
      <libsource lib="Connector" part="Conn_01x04_Male" description="Generic connector, single row, 01x04, script generated (kicad-library-utils/schlib/autogen/connector/)"/>
      <property name="Sheetname" value=""/>
      <property name="Sheetfile" value="ProyectoFinal.kicad_sch"/>
      <sheetpath names="/" tstamps="/"/>
      <tstamps>03846722-e706-45ed-bb81-0f5bd4471668</tstamps>
    </comp>
    <comp ref="J6">
      <value>Conector_Encoder4</value>
      <footprint>Connector_JST:JST_EH_B4B-EH-A_1x04_P2.50mm_Vertical</footprint>
      <libsource lib="Connector" part="Conn_01x04_Male" description="Generic connector, single row, 01x04, script generated (kicad-library-utils/schlib/autogen/connector/)"/>
      <property name="Sheetname" value=""/>
      <property name="Sheetfile" value="ProyectoFinal.kicad_sch"/>
      <sheetpath names="/" tstamps="/"/>
      <tstamps>8726f9be-c81a-453e-a645-0dd30759f968</tstamps>
    </comp>
    <comp ref="J7">
      <value>Conector_Motor1</value>
      <footprint>Connector_PinHeader_2.54mm:PinHeader_1x02_P2.54mm_Vertical</footprint>
      <libsource lib="Connector" part="Conn_01x02_Female" description="Generic connector, single row, 01x02, script generated (kicad-library-utils/schlib/autogen/connector/)"/>
      <property name="Sheetname" value=""/>
      <property name="Sheetfile" value="ProyectoFinal.kicad_sch"/>
      <sheetpath names="/" tstamps="/"/>
      <tstamps>3489c8a4-9a14-4039-9325-07021658e490</tstamps>
    </comp>
    <comp ref="J8">
      <value>Conector_Motor2</value>
      <footprint>Connector_PinHeader_2.54mm:PinHeader_1x02_P2.54mm_Vertical</footprint>
      <libsource lib="Connector" part="Conn_01x02_Female" description="Generic connector, single row, 01x02, script generated (kicad-library-utils/schlib/autogen/connector/)"/>
      <property name="Sheetname" value=""/>
      <property name="Sheetfile" value="ProyectoFinal.kicad_sch"/>
      <sheetpath names="/" tstamps="/"/>
      <tstamps>2531d8dc-d223-4707-9557-9543bb174bc0</tstamps>
    </comp>
    <comp ref="J9">
      <value>Conector_Motor3</value>
      <footprint>Connector_PinHeader_2.54mm:PinHeader_1x02_P2.54mm_Vertical</footprint>
      <libsource lib="Connector" part="Conn_01x02_Female" description="Generic connector, single row, 01x02, script generated (kicad-library-utils/schlib/autogen/connector/)"/>
      <property name="Sheetname" value=""/>
      <property name="Sheetfile" value="ProyectoFinal.kicad_sch"/>
      <sheetpath names="/" tstamps="/"/>
      <tstamps>0917d25a-bbbe-4151-9f09-88cdb0585160</tstamps>
    </comp>
    <comp ref="J10">
      <value>Conector_Motor4</value>
      <footprint>Connector_PinHeader_2.54mm:PinHeader_1x02_P2.54mm_Vertical</footprint>
      <libsource lib="Connector" part="Conn_01x02_Female" description="Generic connector, single row, 01x02, script generated (kicad-library-utils/schlib/autogen/connector/)"/>
      <property name="Sheetname" value=""/>
      <property name="Sheetfile" value="ProyectoFinal.kicad_sch"/>
      <sheetpath names="/" tstamps="/"/>
      <tstamps>4def755d-a6b6-4be9-90db-74ce15b77225</tstamps>
    </comp>
    <comp ref="J12">
      <value>Conector_Baterias</value>
      <footprint>Connector_JST:JST_EH_B2B-EH-A_1x02_P2.50mm_Vertical</footprint>
      <libsource lib="Connector" part="Conn_01x02_Male" description="Generic connector, single row, 01x02, script generated (kicad-library-utils/schlib/autogen/connector/)"/>
      <property name="Sheetname" value=""/>
      <property name="Sheetfile" value="ProyectoFinal.kicad_sch"/>
      <sheetpath names="/" tstamps="/"/>
      <tstamps>c39665ab-9ad5-4c6e-9cc7-e4093e1dc4c6</tstamps>
    </comp>
    <comp ref="J14">
      <value>Conector_IMU</value>
      <footprint>CustomLib:Conector_IMU</footprint>
      <libsource lib="Connector_Generic" part="Conn_02x08_Odd_Even" description="Generic connector, double row, 02x08, odd/even pin numbering scheme (row 1 odd numbers, row 2 even numbers), script generated (kicad-library-utils/schlib/autogen/connector/)"/>
      <property name="Sheetname" value=""/>
      <property name="Sheetfile" value="ProyectoFinal.kicad_sch"/>
      <sheetpath names="/" tstamps="/"/>
      <tstamps>6f8d4e94-bc61-46e8-a604-9ed04133b07b</tstamps>
    </comp>
    <comp ref="J15">
      <value>Conector_ConversorUSB</value>
      <footprint>Connector_PinSocket_2.54mm:PinSocket_1x06_P2.54mm_Horizontal</footprint>
      <libsource lib="Connector" part="Conn_01x06_Female" description="Generic connector, single row, 01x06, script generated (kicad-library-utils/schlib/autogen/connector/)"/>
      <property name="Sheetname" value=""/>
      <property name="Sheetfile" value="ProyectoFinal.kicad_sch"/>
      <sheetpath names="/" tstamps="/"/>
      <tstamps>69dde9ec-34c8-414b-9c91-9169d98685a9</tstamps>
    </comp>
    <comp ref="J16">
      <value>Conector_Programador</value>
      <footprint>Connector_PinSocket_2.54mm:PinSocket_1x04_P2.54mm_Vertical</footprint>
      <libsource lib="Connector" part="Conn_01x04_Male" description="Generic connector, single row, 01x04, script generated (kicad-library-utils/schlib/autogen/connector/)"/>
      <property name="Sheetname" value=""/>
      <property name="Sheetfile" value="ProyectoFinal.kicad_sch"/>
      <sheetpath names="/" tstamps="/"/>
      <tstamps>5962ff98-9314-45c9-8957-00550293b8e3</tstamps>
    </comp>
    <comp ref="R1">
      <value>10k</value>
      <footprint>Resistor_THT:R_Axial_DIN0207_L6.3mm_D2.5mm_P10.16mm_Horizontal</footprint>
      <libsource lib="Device" part="R" description="Resistor"/>
      <property name="Sheetname" value=""/>
      <property name="Sheetfile" value="ProyectoFinal.kicad_sch"/>
      <sheetpath names="/" tstamps="/"/>
      <tstamps>476b3104-6680-428e-834d-51a2f7a4062a</tstamps>
    </comp>
    <comp ref="R2">
      <value>10k</value>
      <footprint>Resistor_THT:R_Axial_DIN0207_L6.3mm_D2.5mm_P10.16mm_Horizontal</footprint>
      <libsource lib="Device" part="R" description="Resistor"/>
      <property name="Sheetname" value=""/>
      <property name="Sheetfile" value="ProyectoFinal.kicad_sch"/>
      <sheetpath names="/" tstamps="/"/>
      <tstamps>759cdc6a-c012-42c5-a60f-8e430f6b8da8</tstamps>
    </comp>
    <comp ref="R3">
      <value>220</value>
      <footprint>Resistor_THT:R_Axial_DIN0207_L6.3mm_D2.5mm_P10.16mm_Horizontal</footprint>
      <libsource lib="Device" part="R" description="Resistor"/>
      <property name="Sheetname" value=""/>
      <property name="Sheetfile" value="ProyectoFinal.kicad_sch"/>
      <sheetpath names="/" tstamps="/"/>
      <tstamps>f18e18c0-be5d-48ed-b6e1-a2c67b67d5eb</tstamps>
    </comp>
    <comp ref="R4">
      <value>220</value>
      <footprint>Resistor_THT:R_Axial_DIN0207_L6.3mm_D2.5mm_P10.16mm_Horizontal</footprint>
      <libsource lib="Device" part="R" description="Resistor"/>
      <property name="Sheetname" value=""/>
      <property name="Sheetfile" value="ProyectoFinal.kicad_sch"/>
      <sheetpath names="/" tstamps="/"/>
      <tstamps>d9f5f91a-8be6-4ba9-b0b6-09eda56a5139</tstamps>
    </comp>
    <comp ref="R5">
      <value>10k</value>
      <footprint>Resistor_THT:R_Axial_DIN0207_L6.3mm_D2.5mm_P10.16mm_Horizontal</footprint>
      <libsource lib="Device" part="R" description="Resistor"/>
      <property name="Sheetname" value=""/>
      <property name="Sheetfile" value="ProyectoFinal.kicad_sch"/>
      <sheetpath names="/" tstamps="/"/>
      <tstamps>6261aad3-1bd1-4ad2-a6b4-784d330be4e5</tstamps>
    </comp>
    <comp ref="R6">
      <value>10k</value>
      <footprint>Resistor_THT:R_Axial_DIN0207_L6.3mm_D2.5mm_P10.16mm_Horizontal</footprint>
      <libsource lib="Device" part="R" description="Resistor"/>
      <property name="Sheetname" value=""/>
      <property name="Sheetfile" value="ProyectoFinal.kicad_sch"/>
      <sheetpath names="/" tstamps="/"/>
      <tstamps>d393aa1f-e1df-4a76-9e84-c0a2b7310c5b</tstamps>
    </comp>
    <comp ref="R7">
      <value>220</value>
      <footprint>Resistor_THT:R_Axial_DIN0207_L6.3mm_D2.5mm_P10.16mm_Horizontal</footprint>
      <libsource lib="Device" part="R" description="Resistor"/>
      <property name="Sheetname" value=""/>
      <property name="Sheetfile" value="ProyectoFinal.kicad_sch"/>
      <sheetpath names="/" tstamps="/"/>
      <tstamps>95556cdd-91a2-44ac-8baa-c6c091ff54cb</tstamps>
    </comp>
    <comp ref="R8">
      <value>220</value>
      <footprint>Resistor_THT:R_Axial_DIN0207_L6.3mm_D2.5mm_P10.16mm_Horizontal</footprint>
      <libsource lib="Device" part="R" description="Resistor"/>
      <property name="Sheetname" value=""/>
      <property name="Sheetfile" value="ProyectoFinal.kicad_sch"/>
      <sheetpath names="/" tstamps="/"/>
      <tstamps>475b7f3d-d18c-4991-bb9a-e72dc152346a</tstamps>
    </comp>
    <comp ref="R9">
      <value>R</value>
      <footprint>Resistor_THT:R_Axial_DIN0207_L6.3mm_D2.5mm_P10.16mm_Horizontal</footprint>
      <libsource lib="Device" part="R" description="Resistor"/>
      <property name="Sheetname" value=""/>
      <property name="Sheetfile" value="ProyectoFinal.kicad_sch"/>
      <sheetpath names="/" tstamps="/"/>
      <tstamps>fbfc83ab-0d40-4cc6-bc52-c023fa23bb56</tstamps>
    </comp>
    <comp ref="R10">
      <value>R</value>
      <footprint>Resistor_THT:R_Axial_DIN0207_L6.3mm_D2.5mm_P10.16mm_Horizontal</footprint>
      <libsource lib="Device" part="R" description="Resistor"/>
      <property name="Sheetname" value=""/>
      <property name="Sheetfile" value="ProyectoFinal.kicad_sch"/>
      <sheetpath names="/" tstamps="/"/>
      <tstamps>350546fa-18ca-4d33-8cfa-1a3e9e1a0c41</tstamps>
    </comp>
    <comp ref="R11">
      <value>R</value>
      <footprint>Resistor_THT:R_Axial_DIN0207_L6.3mm_D2.5mm_P10.16mm_Horizontal</footprint>
      <libsource lib="Device" part="R" description="Resistor"/>
      <property name="Sheetname" value=""/>
      <property name="Sheetfile" value="ProyectoFinal.kicad_sch"/>
      <sheetpath names="/" tstamps="/"/>
      <tstamps>3209529d-93a1-4e96-9850-2a5036ce2479</tstamps>
    </comp>
    <comp ref="R12">
      <value>4K7</value>
      <footprint>Resistor_THT:R_Axial_DIN0207_L6.3mm_D2.5mm_P10.16mm_Horizontal</footprint>
      <libsource lib="Device" part="R" description="Resistor"/>
      <property name="Sheetname" value=""/>
      <property name="Sheetfile" value="ProyectoFinal.kicad_sch"/>
      <sheetpath names="/" tstamps="/"/>
      <tstamps>700047ad-6d02-4490-b796-3e9aacd04b2a</tstamps>
    </comp>
    <comp ref="R13">
      <value>4K7</value>
      <footprint>Resistor_THT:R_Axial_DIN0207_L6.3mm_D2.5mm_P10.16mm_Horizontal</footprint>
      <libsource lib="Device" part="R" description="Resistor"/>
      <property name="Sheetname" value=""/>
      <property name="Sheetfile" value="ProyectoFinal.kicad_sch"/>
      <sheetpath names="/" tstamps="/"/>
      <tstamps>8b847636-13f0-4bac-8a7a-6430e0a774e1</tstamps>
    </comp>
    <comp ref="SW1">
      <value>SW_SPST</value>
      <footprint>CustomLib:SW_SPST</footprint>
      <libsource lib="Switch" part="SW_SPST" description="Single Pole Single Throw (SPST) switch"/>
      <property name="Sheetname" value=""/>
      <property name="Sheetfile" value="ProyectoFinal.kicad_sch"/>
      <sheetpath names="/" tstamps="/"/>
      <tstamps>4d00991c-d0f6-405a-802c-0b1ddafe48e4</tstamps>
    </comp>
    <comp ref="U1">
      <value>INA219_Module</value>
      <footprint>CustomLib:INA219_Module</footprint>
      <libsource lib="CustomLib" part="INA219_Module" description=""/>
      <property name="Sheetname" value=""/>
      <property name="Sheetfile" value="ProyectoFinal.kicad_sch"/>
      <sheetpath names="/" tstamps="/"/>
      <tstamps>790da5ad-76fe-46d8-93f7-f6fd8a683f5c</tstamps>
    </comp>
    <comp ref="U2">
      <value>LM2596_Module</value>
      <footprint>CustomLib:DCDC_StepDown_LM2596</footprint>
      <libsource lib="CustomLib" part="LM2596_Module" description=""/>
      <property name="Sheetname" value=""/>
      <property name="Sheetfile" value="ProyectoFinal.kicad_sch"/>
      <sheetpath names="/" tstamps="/"/>
      <tstamps>718a6f1a-2be2-4461-8047-9eaeda596cdb</tstamps>
    </comp>
    <comp ref="U3">
      <value>Nucleo_F303RE</value>
      <footprint>CustomLib:Nucleo_F303RE</footprint>
      <libsource lib="CustomLib" part="Nucleo_F303RE" description=""/>
      <property name="Sheetname" value=""/>
      <property name="Sheetfile" value="ProyectoFinal.kicad_sch"/>
      <sheetpath names="/" tstamps="/"/>
      <tstamps>fc00db86-cbca-44a9-bcb1-cba25b52dd98 ea5996f5-9d2e-46d7-ad57-7e96dfdd0ae1</tstamps>
    </comp>
  </components>
  <libparts>
    <libpart lib="Connector" part="Conn_01x02_Female">
      <description>Generic connector, single row, 01x02, script generated (kicad-library-utils/schlib/autogen/connector/)</description>
      <docs>~</docs>
      <footprints>
        <fp>Connector*:*_1x??_*</fp>
      </footprints>
      <fields>
        <field name="Reference">J</field>
        <field name="Value">Conn_01x02_Female</field>
        <field name="Datasheet">~</field>
      </fields>
      <pins>
        <pin num="1" name="Pin_1" type="passive"/>
        <pin num="2" name="Pin_2" type="passive"/>
      </pins>
    </libpart>
    <libpart lib="Connector" part="Conn_01x02_Male">
      <description>Generic connector, single row, 01x02, script generated (kicad-library-utils/schlib/autogen/connector/)</description>
      <docs>~</docs>
      <footprints>
        <fp>Connector*:*_1x??_*</fp>
      </footprints>
      <fields>
        <field name="Reference">J</field>
        <field name="Value">Conn_01x02_Male</field>
        <field name="Datasheet">~</field>
      </fields>
      <pins>
        <pin num="1" name="Pin_1" type="passive"/>
        <pin num="2" name="Pin_2" type="passive"/>
      </pins>
    </libpart>
    <libpart lib="Connector" part="Conn_01x04_Male">
      <description>Generic connector, single row, 01x04, script generated (kicad-library-utils/schlib/autogen/connector/)</description>
      <docs>~</docs>
      <footprints>
        <fp>Connector*:*_1x??_*</fp>
      </footprints>
      <fields>
        <field name="Reference">J</field>
        <field name="Value">Conn_01x04_Male</field>
        <field name="Datasheet">~</field>
      </fields>
      <pins>
        <pin num="1" name="Pin_1" type="passive"/>
        <pin num="2" name="Pin_2" type="passive"/>
        <pin num="3" name="Pin_3" type="passive"/>
        <pin num="4" name="Pin_4" type="passive"/>
      </pins>
    </libpart>
    <libpart lib="Connector" part="Conn_01x06_Female">
      <description>Generic connector, single row, 01x06, script generated (kicad-library-utils/schlib/autogen/connector/)</description>
      <docs>~</docs>
      <footprints>
        <fp>Connector*:*_1x??_*</fp>
      </footprints>
      <fields>
        <field name="Reference">J</field>
        <field name="Value">Conn_01x06_Female</field>
        <field name="Datasheet">~</field>
      </fields>
      <pins>
        <pin num="1" name="Pin_1" type="passive"/>
        <pin num="2" name="Pin_2" type="passive"/>
        <pin num="3" name="Pin_3" type="passive"/>
        <pin num="4" name="Pin_4" type="passive"/>
        <pin num="5" name="Pin_5" type="passive"/>
        <pin num="6" name="Pin_6" type="passive"/>
      </pins>
    </libpart>
    <libpart lib="Connector_Generic" part="Conn_02x08_Odd_Even">
      <description>Generic connector, double row, 02x08, odd/even pin numbering scheme (row 1 odd numbers, row 2 even numbers), script generated (kicad-library-utils/schlib/autogen/connector/)</description>
      <docs>~</docs>
      <footprints>
        <fp>Connector*:*_2x??_*</fp>
      </footprints>
      <fields>
        <field name="Reference">J</field>
        <field name="Value">Conn_02x08_Odd_Even</field>
        <field name="Datasheet">~</field>
      </fields>
      <pins>
        <pin num="1" name="Pin_1" type="passive"/>
        <pin num="2" name="Pin_2" type="passive"/>
        <pin num="3" name="Pin_3" type="passive"/>
        <pin num="4" name="Pin_4" type="passive"/>
        <pin num="5" name="Pin_5" type="passive"/>
        <pin num="6" name="Pin_6" type="passive"/>
        <pin num="7" name="Pin_7" type="passive"/>
        <pin num="8" name="Pin_8" type="passive"/>
        <pin num="9" name="Pin_9" type="passive"/>
        <pin num="10" name="Pin_10" type="passive"/>
        <pin num="11" name="Pin_11" type="passive"/>
        <pin num="12" name="Pin_12" type="passive"/>
        <pin num="13" name="Pin_13" type="passive"/>
        <pin num="14" name="Pin_14" type="passive"/>
        <pin num="15" name="Pin_15" type="passive"/>
        <pin num="16" name="Pin_16" type="passive"/>
      </pins>
    </libpart>
    <libpart lib="CustomLib" part="INA219_Module">
      <fields>
        <field name="Reference">U</field>
        <field name="Value">INA219_Module</field>
      </fields>
      <pins>
        <pin num="1" name="Vcc" type="power_in"/>
        <pin num="2" name="GND" type="power_in"/>
        <pin num="3" name="SCL" type="bidirectional"/>
        <pin num="4" name="SDA" type="bidirectional"/>
        <pin num="5" name="Vin-" type="bidirectional"/>
        <pin num="6" name="Vin+" type="bidirectional"/>
      </pins>
    </libpart>
    <libpart lib="CustomLib" part="LM2596_Module">
      <fields>
        <field name="Reference">U2</field>
        <field name="Value">LM2596_Module</field>
        <field name="Footprint">CustomLib:DCDC_StepDown_LM2596</field>
      </fields>
      <pins>
        <pin num="1" name="IN+" type="power_in"/>
        <pin num="2" name="IN-" type="power_in"/>
        <pin num="3" name="OUT+" type="power_out"/>
        <pin num="4" name="OUT-" type="power_out"/>
      </pins>
    </libpart>
    <libpart lib="CustomLib" part="Nucleo_F303RE">
      <fields>
        <field name="Reference">U</field>
        <field name="Value">Nucleo_F303RE</field>
      </fields>
      <pins>
        <pin num="1" name="PC9" type="passive"/>
        <pin num="2" name="PC8" type="passive"/>
        <pin num="3" name="PC12" type="passive"/>
        <pin num="4" name="PD2" type="passive"/>
        <pin num="5" name="PB9" type="passive"/>
        <pin num="6" name="PC5" type="passive"/>
        <pin num="7" name="BOOT0" type="passive"/>
        <pin num="8" name="GND" type="passive"/>
        <pin num="9" name="NC" type="passive"/>
        <pin num="10" name="NC" type="passive"/>
        <pin num="11" name="PA5" type="passive"/>
        <pin num="12" name="PA12" type="passive"/>
        <pin num="13" name="PA6" type="passive"/>
        <pin num="14" name="PA11" type="passive"/>
        <pin num="15" name="PA7" type="passive"/>
        <pin num="16" name="PB12" type="passive"/>
        <pin num="17" name="PB6" type="passive"/>
        <pin num="18" name="PB11" type="passive"/>
        <pin num="19" name="PC7" type="passive"/>
        <pin num="20" name="GND" type="passive"/>
        <pin num="21" name="PA9" type="passive"/>
        <pin num="22" name="GND" type="passive"/>
        <pin num="23" name="PC13" type="passive"/>
        <pin num="24" name="VIN" type="passive"/>
        <pin num="25" name="PC14" type="passive"/>
        <pin num="26" name="NC" type="passive"/>
        <pin num="27" name="PB4" type="passive"/>
        <pin num="28" name="PA0" type="passive"/>
        <pin num="29" name="PF0" type="passive"/>
        <pin num="30" name="PA1" type="passive"/>
        <pin num="31" name="PF1" type="passive"/>
        <pin num="32" name="AGND" type="passive"/>
        <pin num="33" name="PA10" type="passive"/>
        <pin num="34" name="PC4" type="passive"/>
        <pin num="35" name="PA2" type="passive"/>
        <pin num="36" name="PC1" type="passive"/>
        <pin num="37" name="PA3" type="passive"/>
        <pin num="38" name="NC" type="passive"/>
      </pins>
    </libpart>
    <libpart lib="Device" part="C">
      <description>Unpolarized capacitor</description>
      <docs>~</docs>
      <footprints>
        <fp>C_*</fp>
      </footprints>
      <fields>
        <field name="Reference">C</field>
        <field name="Value">C</field>
        <field name="Datasheet">~</field>
      </fields>
      <pins>
        <pin num="1" name="" type="passive"/>
        <pin num="2" name="" type="passive"/>
      </pins>
    </libpart>
    <libpart lib="Device" part="LED">
      <description>Light emitting diode</description>
      <docs>~</docs>
      <footprints>
        <fp>LED*</fp>
        <fp>LED_SMD:*</fp>
        <fp>LED_THT:*</fp>
      </footprints>
      <fields>
        <field name="Reference">D</field>
        <field name="Value">LED</field>
        <field name="Datasheet">~</field>
      </fields>
      <pins>
        <pin num="1" name="K" type="passive"/>
        <pin num="2" name="A" type="passive"/>
      </pins>
    </libpart>
    <libpart lib="Device" part="R">
      <description>Resistor</description>
      <docs>~</docs>
      <footprints>
        <fp>R_*</fp>
      </footprints>
      <fields>
        <field name="Reference">R</field>
        <field name="Value">R</field>
        <field name="Datasheet">~</field>
      </fields>
      <pins>
        <pin num="1" name="" type="passive"/>
        <pin num="2" name="" type="passive"/>
      </pins>
    </libpart>
    <libpart lib="Switch" part="SW_SPST">
      <description>Single Pole Single Throw (SPST) switch</description>
      <docs>~</docs>
      <fields>
        <field name="Reference">SW</field>
        <field name="Value">SW_SPST</field>
        <field name="Datasheet">~</field>
      </fields>
      <pins>
        <pin num="1" name="A" type="passive"/>
        <pin num="2" name="B" type="passive"/>
      </pins>
    </libpart>
  </libparts>
  <libraries>
    <library logical="Connector">
      <uri>C:\Program Files\KiCad\6.0\share\kicad\symbols\/Connector.kicad_sym</uri>
    </library>
    <library logical="Connector_Generic">
      <uri>C:\Program Files\KiCad\6.0\share\kicad\symbols\/Connector_Generic.kicad_sym</uri>
    </library>
    <library logical="CustomLib">
      <uri>C:/Users/agusb/OneDrive/Documentos/KiCad/6.0/symbols/CustomLib.kicad_sym</uri>
    </library>
    <library logical="Device">
      <uri>C:\Program Files\KiCad\6.0\share\kicad\symbols\/Device.kicad_sym</uri>
    </library>
    <library logical="Switch">
      <uri>C:\Program Files\KiCad\6.0\share\kicad\symbols\/Switch.kicad_sym</uri>
    </library>
  </libraries>
  <nets>
    <net code="1" name="+3V3">
      <node ref="J16" pin="1" pinfunction="Pin_1" pintype="passive"/>
      <node ref="U3" pin="16" pinfunction="+3V3" pintype="passive"/>
    </net>
    <net code="2" name="+5V">
      <node ref="J14" pin="10" pinfunction="Pin_10" pintype="passive"/>
      <node ref="J14" pin="11" pinfunction="Pin_11" pintype="passive"/>
      <node ref="R1" pin="1" pintype="passive"/>
      <node ref="R12" pin="1" pintype="passive"/>
      <node ref="R13" pin="1" pintype="passive"/>
      <node ref="R2" pin="1" pintype="passive"/>
      <node ref="R3" pin="1" pintype="passive"/>
      <node ref="R4" pin="1" pintype="passive"/>
      <node ref="R5" pin="1" pintype="passive"/>
      <node ref="R6" pin="1" pintype="passive"/>
      <node ref="R7" pin="1" pintype="passive"/>
      <node ref="R8" pin="1" pintype="passive"/>
      <node ref="U1" pin="1" pinfunction="Vcc" pintype="power_in"/>
      <node ref="U2" pin="3" pinfunction="OUT+" pintype="power_out"/>
      <node ref="U3" pin="18" pinfunction="+5V" pintype="passive"/>
      <node ref="U3" pin="6" pinfunction="E5V" pintype="passive"/>
    </net>
    <net code="3" name="+12V">
      <node ref="J1" pin="2" pinfunction="Pin_2" pintype="passive"/>
      <node ref="J4" pin="1" pinfunction="Pin_1" pintype="passive"/>
      <node ref="R9" pin="1" pintype="passive"/>
      <node ref="U1" pin="5" pinfunction="Vin-" pintype="bidirectional"/>
      <node ref="U2" pin="1" pinfunction="IN+" pintype="power_in"/>
    </net>
    <net code="4" name="GND">
      <node ref="C1" pin="2" pintype="passive"/>
      <node ref="D1" pin="1" pinfunction="K" pintype="passive"/>
      <node ref="J1" pin="1" pinfunction="Pin_1" pintype="passive"/>
      <node ref="J12" pin="2" pinfunction="Pin_2" pintype="passive"/>
      <node ref="J14" pin="12" pinfunction="Pin_12" pintype="passive"/>
      <node ref="J14" pin="13" pinfunction="Pin_13" pintype="passive"/>
      <node ref="J14" pin="6" pinfunction="Pin_6" pintype="passive"/>
      <node ref="J15" pin="1" pinfunction="Pin_1" pintype="passive"/>
      <node ref="J16" pin="3" pinfunction="Pin_3" pintype="passive"/>
      <node ref="J2" pin="2" pinfunction="Pin_2" pintype="passive"/>
      <node ref="J2" pin="4" pinfunction="Pin_4" pintype="passive"/>
      <node ref="J3" pin="1" pinfunction="Pin_1" pintype="passive"/>
      <node ref="J3" pin="3" pinfunction="Pin_3" pintype="passive"/>
      <node ref="J4" pin="2" pinfunction="Pin_2" pintype="passive"/>
      <node ref="J5" pin="1" pinfunction="Pin_1" pintype="passive"/>
      <node ref="J5" pin="3" pinfunction="Pin_3" pintype="passive"/>
      <node ref="J6" pin="2" pinfunction="Pin_2" pintype="passive"/>
      <node ref="J6" pin="4" pinfunction="Pin_4" pintype="passive"/>
      <node ref="R11" pin="2" pintype="passive"/>
      <node ref="U1" pin="2" pinfunction="GND" pintype="power_in"/>
      <node ref="U2" pin="2" pinfunction="IN-" pintype="power_in"/>
      <node ref="U2" pin="4" pinfunction="OUT-" pintype="power_out"/>
      <node ref="U3" pin="19" pinfunction="GND" pintype="passive"/>
      <node ref="U3" pin="20" pinfunction="GND" pintype="passive"/>
      <node ref="U3" pin="22" pinfunction="GND" pintype="passive"/>
      <node ref="U3" pin="47" pinfunction="GND" pintype="passive"/>
    </net>
    <net code="5" name="I2C_SCL">
      <node ref="R12" pin="2" pintype="passive"/>
      <node ref="U1" pin="3" pinfunction="SCL" pintype="bidirectional"/>
      <node ref="U3" pin="41" pinfunction="PB8" pintype="passive"/>
    </net>
    <net code="6" name="I2C_SDA">
      <node ref="R13" pin="2" pintype="passive"/>
      <node ref="U1" pin="4" pinfunction="SDA" pintype="bidirectional"/>
      <node ref="U3" pin="43" pinfunction="PB9" pintype="passive"/>
    </net>
    <net code="7" name="MOTOR1_ENCODER">
      <node ref="J2" pin="1" pinfunction="Pin_1" pintype="passive"/>
      <node ref="R1" pin="2" pintype="passive"/>
      <node ref="U3" pin="2" pinfunction="PC11" pintype="passive"/>
    </net>
    <net code="8" name="MOTOR1_PWM">
      <node ref="J7" pin="2" pinfunction="Pin_2" pintype="passive"/>
      <node ref="U3" pin="17" pinfunction="PA15" pintype="passive"/>
    </net>
    <net code="9" name="MOTOR1_PWMN">
      <node ref="J7" pin="1" pinfunction="Pin_1" pintype="passive"/>
      <node ref="U3" pin="1" pinfunction="PC10" pintype="passive"/>
    </net>
    <net code="10" name="MOTOR2_ENCODER">
      <node ref="J5" pin="4" pinfunction="Pin_4" pintype="passive"/>
      <node ref="R5" pin="2" pintype="passive"/>
      <node ref="U3" pin="40" pinfunction="PC8" pintype="passive"/>
    </net>
    <net code="11" name="MOTOR2_PWM">
      <node ref="J8" pin="2" pinfunction="Pin_2" pintype="passive"/>
      <node ref="U3" pin="50" pinfunction="PA12" pintype="passive"/>
    </net>
    <net code="12" name="MOTOR2_PWMN">
      <node ref="J8" pin="1" pinfunction="Pin_1" pintype="passive"/>
      <node ref="U3" pin="55" pinfunction="PB6" pintype="passive"/>
    </net>
    <net code="13" name="MOTOR3_ENCODER">
      <node ref="J3" pin="4" pinfunction="Pin_4" pintype="passive"/>
      <node ref="R2" pin="2" pintype="passive"/>
      <node ref="U3" pin="42" pinfunction="PC6" pintype="passive"/>
    </net>
    <net code="14" name="MOTOR3_PWM">
      <node ref="J9" pin="2" pinfunction="Pin_2" pintype="passive"/>
      <node ref="U3" pin="66" pinfunction="PB14" pintype="passive"/>
    </net>
    <net code="15" name="MOTOR3_PWMN">
      <node ref="J9" pin="1" pinfunction="Pin_1" pintype="passive"/>
      <node ref="U3" pin="30" pinfunction="PA1" pintype="passive"/>
    </net>
    <net code="16" name="MOTOR4_ENCODER">
      <node ref="J6" pin="1" pinfunction="Pin_1" pintype="passive"/>
      <node ref="R6" pin="2" pintype="passive"/>
      <node ref="U3" pin="27" pinfunction="PC15" pintype="passive"/>
    </net>
    <net code="17" name="MOTOR4_PWM">
      <node ref="J10" pin="2" pinfunction="Pin_2" pintype="passive"/>
      <node ref="U3" pin="38" pinfunction="PC0" pintype="passive"/>
    </net>
    <net code="18" name="MOTOR4_PWMN">
      <node ref="J10" pin="1" pinfunction="Pin_1" pintype="passive"/>
      <node ref="U3" pin="68" pinfunction="PB13" pintype="passive"/>
    </net>
    <net code="19" name="Net-(D1-Pad2)">
      <node ref="D1" pin="2" pinfunction="A" pintype="passive"/>
      <node ref="R9" pin="2" pintype="passive"/>
    </net>
    <net code="20" name="Net-(J2-Pad3)">
      <node ref="J2" pin="3" pinfunction="Pin_3" pintype="passive"/>
      <node ref="R3" pin="2" pintype="passive"/>
    </net>
    <net code="21" name="Net-(J3-Pad2)">
      <node ref="J3" pin="2" pinfunction="Pin_2" pintype="passive"/>
      <node ref="R4" pin="2" pintype="passive"/>
    </net>
    <net code="22" name="Net-(J5-Pad2)">
      <node ref="J5" pin="2" pinfunction="Pin_2" pintype="passive"/>
      <node ref="R7" pin="2" pintype="passive"/>
    </net>
    <net code="23" name="Net-(J6-Pad3)">
      <node ref="J6" pin="3" pinfunction="Pin_3" pintype="passive"/>
      <node ref="R8" pin="2" pintype="passive"/>
    </net>
    <net code="24" name="Net-(J12-Pad1)">
      <node ref="J12" pin="1" pinfunction="Pin_1" pintype="passive"/>
      <node ref="SW1" pin="1" pinfunction="A" pintype="passive"/>
    </net>
    <net code="25" name="Net-(R10-Pad1)">
      <node ref="R10" pin="1" pintype="passive"/>
      <node ref="SW1" pin="2" pinfunction="B" pintype="passive"/>
      <node ref="U1" pin="6" pinfunction="Vin+" pintype="bidirectional"/>
    </net>
    <net code="26" name="SPI_MISO">
      <node ref="J14" pin="4" pinfunction="Pin_4" pintype="passive"/>
      <node ref="U3" pin="51" pinfunction="PA6" pintype="passive"/>
    </net>
    <net code="27" name="SPI_MOSI">
      <node ref="J14" pin="5" pinfunction="Pin_5" pintype="passive"/>
      <node ref="U3" pin="53" pinfunction="PA7" pintype="passive"/>
    </net>
    <net code="28" name="SPI_SCLK">
      <node ref="J14" pin="3" pinfunction="Pin_3" pintype="passive"/>
      <node ref="U3" pin="49" pinfunction="PA5" pintype="passive"/>
    </net>
    <net code="29" name="SWCLK">
      <node ref="J16" pin="2" pinfunction="Pin_2" pintype="passive"/>
      <node ref="U3" pin="15" pinfunction="PA14" pintype="passive"/>
    </net>
    <net code="30" name="SWDIO">
      <node ref="J16" pin="4" pinfunction="Pin_4" pintype="passive"/>
      <node ref="U3" pin="13" pinfunction="PA13" pintype="passive"/>
    </net>
    <net code="31" name="UART_RX">
      <node ref="J15" pin="5" pinfunction="Pin_5" pintype="passive"/>
      <node ref="U3" pin="71" pinfunction="PA10" pintype="passive"/>
    </net>
    <net code="32" name="UART_TX">
      <node ref="J15" pin="4" pinfunction="Pin_4" pintype="passive"/>
      <node ref="U3" pin="72" pinfunction="PC4" pintype="passive"/>
    </net>
    <net code="33" name="Vbat">
      <node ref="C1" pin="1" pintype="passive"/>
      <node ref="R10" pin="2" pintype="passive"/>
      <node ref="R11" pin="1" pintype="passive"/>
      <node ref="U3" pin="44" pinfunction="PC5" pintype="passive"/>
    </net>
    <net code="34" name="unconnected-(J14-Pad1)">
      <node ref="J14" pin="1" pinfunction="Pin_1" pintype="passive+no_connect"/>
    </net>
    <net code="35" name="unconnected-(J14-Pad2)">
      <node ref="J14" pin="2" pinfunction="Pin_2" pintype="passive+no_connect"/>
    </net>
    <net code="36" name="unconnected-(J14-Pad7)">
      <node ref="J14" pin="7" pinfunction="Pin_7" pintype="passive+no_connect"/>
    </net>
    <net code="37" name="unconnected-(J14-Pad8)">
      <node ref="J14" pin="8" pinfunction="Pin_8" pintype="passive+no_connect"/>
    </net>
    <net code="38" name="unconnected-(J14-Pad9)">
      <node ref="J14" pin="9" pinfunction="Pin_9" pintype="passive+no_connect"/>
    </net>
    <net code="39" name="unconnected-(J14-Pad14)">
      <node ref="J14" pin="14" pinfunction="Pin_14" pintype="passive+no_connect"/>
    </net>
    <net code="40" name="unconnected-(J14-Pad15)">
      <node ref="J14" pin="15" pinfunction="Pin_15" pintype="passive+no_connect"/>
    </net>
    <net code="41" name="unconnected-(J14-Pad16)">
      <node ref="J14" pin="16" pinfunction="Pin_16" pintype="passive+no_connect"/>
    </net>
    <net code="42" name="unconnected-(J15-Pad2)">
      <node ref="J15" pin="2" pinfunction="Pin_2" pintype="passive+no_connect"/>
    </net>
    <net code="43" name="unconnected-(J15-Pad3)">
      <node ref="J15" pin="3" pinfunction="Pin_3" pintype="passive+no_connect"/>
    </net>
    <net code="44" name="unconnected-(J15-Pad6)">
      <node ref="J15" pin="6" pinfunction="Pin_6" pintype="passive+no_connect"/>
    </net>
    <net code="45" name="unconnected-(U3-Pad3)">
      <node ref="U3" pin="3" pinfunction="PC12" pintype="passive+no_connect"/>
    </net>
    <net code="46" name="unconnected-(U3-Pad4)">
      <node ref="U3" pin="4" pinfunction="PD2" pintype="passive+no_connect"/>
    </net>
    <net code="47" name="unconnected-(U3-Pad5)">
      <node ref="U3" pin="5" pinfunction="VDD" pintype="passive+no_connect"/>
    </net>
    <net code="48" name="unconnected-(U3-Pad7)">
      <node ref="U3" pin="7" pinfunction="BOOT0" pintype="passive+no_connect"/>
    </net>
    <net code="49" name="unconnected-(U3-Pad8)">
      <node ref="U3" pin="8" pinfunction="GND" pintype="passive+no_connect"/>
    </net>
    <net code="50" name="unconnected-(U3-Pad9)">
      <node ref="U3" pin="9" pinfunction="NC" pintype="passive+no_connect"/>
    </net>
    <net code="51" name="unconnected-(U3-Pad10)">
      <node ref="U3" pin="10" pinfunction="NC" pintype="passive+no_connect"/>
    </net>
    <net code="52" name="unconnected-(U3-Pad11)">
      <node ref="U3" pin="11" pinfunction="NC" pintype="passive+no_connect"/>
    </net>
    <net code="53" name="unconnected-(U3-Pad12)">
      <node ref="U3" pin="12" pinfunction="IOREF" pintype="passive+no_connect"/>
    </net>
    <net code="54" name="unconnected-(U3-Pad14)">
      <node ref="U3" pin="14" pinfunction="RESET" pintype="passive+no_connect"/>
    </net>
    <net code="55" name="unconnected-(U3-Pad21)">
      <node ref="U3" pin="21" pinfunction="PB7" pintype="passive+no_connect"/>
    </net>
    <net code="56" name="unconnected-(U3-Pad23)">
      <node ref="U3" pin="23" pinfunction="PC13" pintype="passive+no_connect"/>
    </net>
    <net code="57" name="unconnected-(U3-Pad24)">
      <node ref="U3" pin="24" pinfunction="VIN" pintype="passive+no_connect"/>
    </net>
    <net code="58" name="unconnected-(U3-Pad25)">
      <node ref="U3" pin="25" pinfunction="PC14" pintype="passive+no_connect"/>
    </net>
    <net code="59" name="unconnected-(U3-Pad26)">
      <node ref="U3" pin="26" pinfunction="NC" pintype="passive+no_connect"/>
    </net>
    <net code="60" name="unconnected-(U3-Pad28)">
      <node ref="U3" pin="28" pinfunction="PA0" pintype="passive+no_connect"/>
    </net>
    <net code="61" name="unconnected-(U3-Pad29)">
      <node ref="U3" pin="29" pinfunction="PF0" pintype="passive+no_connect"/>
    </net>
    <net code="62" name="unconnected-(U3-Pad31)">
      <node ref="U3" pin="31" pinfunction="PF1" pintype="passive+no_connect"/>
    </net>
    <net code="63" name="unconnected-(U3-Pad32)">
      <node ref="U3" pin="32" pinfunction="PA4" pintype="passive+no_connect"/>
    </net>
    <net code="64" name="unconnected-(U3-Pad33)">
      <node ref="U3" pin="33" pinfunction="VBAT" pintype="passive+no_connect"/>
    </net>
    <net code="65" name="unconnected-(U3-Pad34)">
      <node ref="U3" pin="34" pinfunction="PB0" pintype="passive+no_connect"/>
    </net>
    <net code="66" name="unconnected-(U3-Pad35)">
      <node ref="U3" pin="35" pinfunction="PC2" pintype="passive+no_connect"/>
    </net>
    <net code="67" name="unconnected-(U3-Pad36)">
      <node ref="U3" pin="36" pinfunction="PC1" pintype="passive+no_connect"/>
    </net>
    <net code="68" name="unconnected-(U3-Pad37)">
      <node ref="U3" pin="37" pinfunction="PC3" pintype="passive+no_connect"/>
    </net>
    <net code="69" name="unconnected-(U3-Pad39)">
      <node ref="U3" pin="39" pinfunction="PC9" pintype="passive+no_connect"/>
    </net>
    <net code="70" name="unconnected-(U3-Pad45)">
      <node ref="U3" pin="45" pinfunction="AVDD" pintype="passive+no_connect"/>
    </net>
    <net code="71" name="unconnected-(U3-Pad46)">
      <node ref="U3" pin="46" pinfunction="U5V" pintype="passive+no_connect"/>
    </net>
    <net code="72" name="unconnected-(U3-Pad48)">
      <node ref="U3" pin="48" pinfunction="NC" pintype="passive+no_connect"/>
    </net>
    <net code="73" name="unconnected-(U3-Pad52)">
      <node ref="U3" pin="52" pinfunction="PA11" pintype="passive+no_connect"/>
    </net>
    <net code="74" name="unconnected-(U3-Pad54)">
      <node ref="U3" pin="54" pinfunction="PB12" pintype="passive+no_connect"/>
    </net>
    <net code="75" name="unconnected-(U3-Pad56)">
      <node ref="U3" pin="56" pinfunction="PB11" pintype="passive+no_connect"/>
    </net>
    <net code="76" name="unconnected-(U3-Pad57)">
      <node ref="U3" pin="57" pinfunction="PC7" pintype="passive+no_connect"/>
    </net>
    <net code="77" name="unconnected-(U3-Pad58)">
      <node ref="U3" pin="58" pinfunction="GND" pintype="passive+no_connect"/>
    </net>
    <net code="78" name="unconnected-(U3-Pad59)">
      <node ref="U3" pin="59" pinfunction="PA9" pintype="passive+no_connect"/>
    </net>
    <net code="79" name="unconnected-(U3-Pad60)">
      <node ref="U3" pin="60" pinfunction="PB2" pintype="passive+no_connect"/>
    </net>
    <net code="80" name="unconnected-(U3-Pad61)">
      <node ref="U3" pin="61" pinfunction="PA8" pintype="passive+no_connect"/>
    </net>
    <net code="81" name="unconnected-(U3-Pad62)">
      <node ref="U3" pin="62" pinfunction="PB1" pintype="passive+no_connect"/>
    </net>
    <net code="82" name="unconnected-(U3-Pad63)">
      <node ref="U3" pin="63" pinfunction="PB10" pintype="passive+no_connect"/>
    </net>
    <net code="83" name="unconnected-(U3-Pad64)">
      <node ref="U3" pin="64" pinfunction="PB15" pintype="passive+no_connect"/>
    </net>
    <net code="84" name="unconnected-(U3-Pad65)">
      <node ref="U3" pin="65" pinfunction="PB4" pintype="passive+no_connect"/>
    </net>
    <net code="85" name="unconnected-(U3-Pad67)">
      <node ref="U3" pin="67" pinfunction="PB5" pintype="passive+no_connect"/>
    </net>
    <net code="86" name="unconnected-(U3-Pad69)">
      <node ref="U3" pin="69" pinfunction="PB3" pintype="passive+no_connect"/>
    </net>
    <net code="87" name="unconnected-(U3-Pad70)">
      <node ref="U3" pin="70" pinfunction="AGND" pintype="passive+no_connect"/>
    </net>
    <net code="88" name="unconnected-(U3-Pad73)">
      <node ref="U3" pin="73" pinfunction="PA2" pintype="passive+no_connect"/>
    </net>
    <net code="89" name="unconnected-(U3-Pad74)">
      <node ref="U3" pin="74" pinfunction="NC" pintype="passive+no_connect"/>
    </net>
    <net code="90" name="unconnected-(U3-Pad75)">
      <node ref="U3" pin="75" pinfunction="PA3" pintype="passive+no_connect"/>
    </net>
    <net code="91" name="unconnected-(U3-Pad76)">
      <node ref="U3" pin="76" pinfunction="NC" pintype="passive+no_connect"/>
    </net>
  </nets>
</export>
